﻿<?xml version="1.0" encoding="utf-8"?><root xmlns="http://www.w3.org/2001/XMLSchema-instance"><band name="Great Band" size="4"><member name="Gun Lubczynski" instrument="Sax"><join-date>2014-12-19</join-date></member><member name="Niklas Lubczynski" instrument="Trombone"><join-date>2014-01-23</join-date></member><member name="Julia Lubczysnki" instrument="Piano"><join-date>2014-05-20</join-date></member><member name="John Lubczynski" instrument="Vocal"><join-date>2014-04-05</join-date></member><album name="First Album"><song><name>First Song</name><tracklength>1:30</tracklength></song><song><name>Third Song</name><tracklength>3:30</tracklength></song><reviewer ref="PressID1">Great Album!</reviewer><reviewer ref="PressID2">Sweeeet</reviewer></album><show><date>2013-12-10</date><venue>ACC</venue></show></band><band name="The Beatles" size="1"><member name="Ringo Star" instrument="Awesome"><join-date>2013-12-25</join-date></member><album name="Abbey Road"><song><name>Great Song</name><tracklength>1:30</tracklength></song></album></band><reviewer id="PressID1"><name>Name1</name><company>New York Times</company></reviewer><reviewer id="PressID3"><name>Nik Lubczynski</name><company>Unemployed</company></reviewer></root>